USE SQLKursach;

INSERT INTO conditer_suplier (id, company_name, item) VALUES
(1, 'Макфа', 'Мука'),
(2, 'ЭкоМилк', 'Масло сливочное'),
(3, 'Окское', 'Яйца'),
(4, 'Setra', 'Уксус'),
(5, 'Мозырьсоль', 'Соль'),
(6, 'Простоквашино', 'Молоко'),
(7, 'Чайкоффский', 'Сахар'),
(8, 'Красный октябрь', 'Какао'),
(9, 'Kenton', 'Разрыхлитель'),
(10, 'Домик в Деревне', 'Кефир'),
(11, 'Золотая семечка', 'Масло подсолнечное'),
(12, 'ART Color', 'Краситель пищевой красный'),
(13, 'Almette', 'Сыр'),
(14, 'Башкирская содовая компания', 'Сода'),
(15, 'HoneyCo', 'Мед'),
(16, 'Бифреш', 'Грецкий орех'),
(17, 'Бабаевский', 'Шоколад'),
(18, 'Рогачевъ', 'Молоко сгущенное'),
(19, 'Махеев', 'Джем');

INSERT INTO conditer_store (id, store_name, [address]) VALUES
(1, 'Кексы', 'Г.Москва ул Мясницкая 13'),
(2, 'Сладкий экспресс', 'Г.Москва Смоленская площадь 6'),
(3, 'Пеко Торты', 'Г.Москва Полярная 26'),
(4, 'КрокИнкорпорейтет', 'Г.Москва ул Пушкина 5');

INSERT INTO conditer_ingredients ([id], [name], [count], [postavka_id]) VALUES
(1, 'Мука', 99999, 1),
(2, 'Масло сливочное', 400, 2),
(3, 'Яйца', 2, 3),
(4, 'Уксус', 256, 4),
(5, 'Соль', 9999, 5),
(6, 'Молоко', 50, 6),
(7, 'Сахар', 700, 7),
(8, 'Какао', 28, 8),
(9, 'Разрыхлитель', 100, 9),
(10, 'Кефир', 500, 10),
(11, 'Сливки', 40, 10),
(12, 'Масло подсолнечное', 72, 11),
(13, 'Краситель пищевой красный', 1, 12),
(14, 'Сыр', 450, 13),
(15, 'Сода пищевая', 3, 14),
(16, 'Мед', 9999, 15),
(17, 'Сметана', 56, 10),
(18, 'Грецкий орех', 9999, 16),
(19, 'Шоколад горький', 500, 17),
(20, 'Молоко сгущенное', 790, 18),
(21, 'Ванильный сахар', 600, 7),
(22, 'Джем фруктовый', 190, 19);

INSERT INTO conditer_menu (id, [name], add_date, cost) VALUES
(1, 'Наполеон', '2022-04-27 17:59:31.799313', 470),
(2, 'Красный бархат', '2022-04-27 18:13:54.707653', 380),
(3, 'Медовик', '2022-04-27 18:21:22.387735', 400),
(4, 'Нежность', '2022-04-27 18:31:45.521179', 487),
(5, 'Эклер', '2022-04-27 18:35:20.592519', 120),
(6, 'Безе', '2022-04-28 17:00:06.457089', 120),
(7, 'Картошка', '2022-04-28 17:02:33.505272', 120),
(8, 'Прага', '2022-04-28 17:51:13.484887', 340);

INSERT INTO conditer_menu_ingredients (id, menu_id, ingredients_id) VALUES
(1, 1, 1),
(2, 1, 2),
(3, 1, 3),
(4, 1, 4),
(5, 1, 5),
(6, 1, 6),
(7, 1, 7),
(8, 2, 1),
(9, 2, 3),
(10, 2, 5),
(11, 2, 7),
(12, 2, 8),
(13, 2, 9),
(14, 2, 10),
(15, 2, 11),
(16, 2, 12),
(17, 2, 13),
(18, 2, 14),
(19, 2, 15),
(20, 3, 1),
(21, 3, 2),
(22, 3, 3),
(23, 3, 5),
(24, 3, 7),
(25, 3, 16),
(26, 3, 17),
(27, 4, 1),
(28, 4, 2),
(29, 4, 3),
(30, 4, 4),
(31, 4, 7),
(32, 4, 15),
(33, 5, 1),
(34, 5, 2),
(35, 5, 3),
(36, 5, 5),
(37, 6, 3),
(38, 6, 7),
(40, 7, 2),
(39, 7, 8),
(41, 7, 18),
(42, 8, 1),
(43, 8, 2),
(44, 8, 3),
(45, 8, 7),
(46, 8, 19),
(47, 8, 20),
(48, 8, 21),
(49, 8, 22);

INSERT INTO conditer_menu_transfer_to (id, menu_id, store_id) VALUES
(1, 1, 1),
(2, 2, 2),
(3, 2, 3),
(4, 3, 1),
(5, 3, 2),
(6, 3, 3),
(7, 4, 1),
(8, 4, 2),
(9, 4, 4),
(10, 5, 1),
(11, 5, 4),
(12, 6, 1),
(13, 6, 2),
(14, 6, 3),
(15, 6, 4),
(16, 7, 2),
(17, 7, 4),
(18, 8, 1),
(19, 8, 2);

INSERT INTO conditer_produced (id, [produce_date], menu_id, [count]) VALUES
(1, '2022-05-06', 1, 15),
(2, '2022-05-06', 2, 5),
(3, '2022-05-06', 3, 7),
(4, '2022-05-06', 4, 13),
(5, '2022-05-06', 5, 15),
(6, '2022-05-06', 6, 500),
(7, '2022-05-06', 7, 345),
(8, '2022-05-06', 8, 29);

INSERT INTO conditer_produced (id, [produce_date], menu_id, [count]) VALUES
(9, '2022-05-07', 1, 20);
